/*
Navicat MySQL Data Transfer

Source Server         : mysql
Source Server Version : 50628
Source Host           : localhost:3306
Source Database       : dachuang

Target Server Type    : MYSQL
Target Server Version : 50628
File Encoding         : 65001

Date: 2017-09-23 20:30:44
*/

SET FOREIGN_KEY_CHECKS=0;

-- ----------------------------
-- Table structure for recg_tag
-- ----------------------------
DROP TABLE IF EXISTS `recg_tag`;
CREATE TABLE `recg_tag` (
`TAG_ID_`  int(8) NOT NULL COMMENT '标签id' ,
`TAG_CONTEXT_`  varchar(64) CHARACTER SET utf8 COLLATE utf8_general_ci NOT NULL COMMENT '标签内容' ,
PRIMARY KEY (`TAG_ID_`)
)
ENGINE=InnoDB
DEFAULT CHARACTER SET=utf8 COLLATE=utf8_general_ci
COMMENT='情绪标签表'

;

-- ----------------------------
-- Records of recg_tag
-- ----------------------------
BEGIN;
INSERT INTO `recg_tag` VALUES ('0', '生气'), ('1', '害怕'), ('2', '开心'), ('3', '伤心');
COMMIT;

-- ----------------------------
-- Table structure for recg_tag_relation
-- ----------------------------
DROP TABLE IF EXISTS `recg_tag_relation`;
CREATE TABLE `recg_tag_relation` (
`TAG_ID_`  int(8) NOT NULL COMMENT '用户id' ,
`SONG_ID_`  int(8) NOT NULL COMMENT '音乐id' ,
INDEX `recgtag_tagID` (`TAG_ID_`) USING BTREE ,
INDEX `recgtag_sonfID` (`SONG_ID_`) USING BTREE 
)
ENGINE=InnoDB
DEFAULT CHARACTER SET=utf8 COLLATE=utf8_general_ci
COMMENT='标签映射表'

;

-- ----------------------------
-- Records of recg_tag_relation
-- ----------------------------
BEGIN;
INSERT INTO `recg_tag_relation` VALUES ('3', '992148'), ('3', '8697224'), ('3', '8698842'), ('3', '8701061'), ('3', '8701833'), ('3', '8701849'), ('3', '8696358'), ('3', '7274555'), ('2', '497280'), ('3', '707743'), ('1', '7321711'), ('0', '314845'), ('3', '7281913'), ('1', '400498'), ('2', '8203492'), ('0', '31451542'), ('0', '809875'), ('0', '815523'), ('0', '8192292'), ('0', '8216756'), ('0', '8254176'), ('0', '8273053'), ('0', '832082'), ('0', '8369596'), ('0', '8695123'), ('0', '8698474'), ('0', '8705804'), ('0', '8710473'), ('0', '879787'), ('0', '8852517'), ('0', '9069877'), ('0', '9143474'), ('0', '923756'), ('0', '924201'), ('0', '9334697'), ('0', '992202'), ('0', '120998527'), ('0', '121001284'), ('0', '120906176'), ('0', '120986689'), ('0', '8468373'), ('0', '7457533'), ('0', '120987116'), ('0', '14609179'), ('0', '1990049'), ('0', '120998314'), ('0', '120998450'), ('0', '2274883'), ('0', '18268455'), ('0', '1990280'), ('0', '2274869'), ('0', '17915696'), ('0', '13024508'), ('0', '120998516'), ('2', '8205047'), ('2', '8226627'), ('2', '8251671'), ('2', '8324526'), ('2', '8324527'), ('2', '8520661'), ('2', '8556148'), ('2', '8768844'), ('2', '880106'), ('2', '880300'), ('2', '8811919'), ('2', '8822399'), ('2', '8875741'), ('2', '9072912'), ('2', '9073082'), ('2', '9650314'), ('2', '9684134'), ('2', '9684721'), ('1', '431637'), ('1', '458267'), ('1', '478356'), ('1', '499348'), ('1', '593130'), ('1', '593688'), ('1', '601710'), ('1', '7278804'), ('1', '7319722'), ('1', '7332038'), ('1', '826905'), ('1', '843188'), ('1', '847007'), ('1', '8517034'), ('1', '8719194'), ('1', '8788332'), ('1', '885339'), ('1', '921088'), ('1', '938465'), ('3', '7314985'), ('3', '7315671'), ('3', '7317535'), ('3', '7339011'), ('3', '7340868'), ('3', '799446'), ('3', '914140'), ('3', '931467'), ('3', '949460');
INSERT INTO `recg_tag_relation` VALUES ('3', '2498009'), ('0', '1105901'), ('0', '7294694'), ('0', '2003014'), ('0', '1086760'), ('0', '1727736'), ('0', '818438'), ('0', '221822'), ('0', '14496972'), ('0', '750863'), ('0', '8688355'), ('0', '12348660'), ('0', '267826'), ('0', '105955445'), ('0', '7447443'), ('0', '14466286'), ('0', '12308850'), ('0', '14387453'), ('1', '7331713'), ('1', '7335344'), ('1', '7350876'), ('1', '834432'), ('1', '8367623'), ('1', '844970'), ('1', '845494'), ('1', '847851'), ('1', '8532320'), ('1', '904177'), ('1', '906642'), ('1', '9074528'), ('1', '922273'), ('1', '930068'), ('1', '974156'), ('3', '711042'), ('3', '7320398'), ('3', '7320404'), ('3', '751126'), ('3', '7589352'), ('3', '7887764'), ('3', '792025'), ('3', '795823'), ('3', '807331'), ('3', '809073'), ('3', '856060'), ('3', '8867095'), ('3', '903754'), ('3', '9057683'), ('3', '924794'), ('3', '924892'), ('3', '938925'), ('3', '45473901'), ('3', '68084049'), ('2', '528647'), ('2', '568647'), ('2', '578177'), ('2', '585899'), ('2', '667152'), ('2', '683885'), ('2', '7161288'), ('2', '7271605'), ('2', '7280004'), ('2', '7281681'), ('2', '7282036'), ('2', '738401'), ('2', '7516473'), ('2', '751956'), ('2', '752574'), ('2', '7572272'), ('2', '8059614'), ('2', '935293'), ('3', '7275262'), ('3', '7276847'), ('3', '7277793'), ('3', '7277825'), ('3', '7280177'), ('3', '7317533'), ('3', '7317587'), ('3', '7317860'), ('3', '790142'), ('3', '816840'), ('3', '846817'), ('3', '934505'), ('3', '965712'), ('3', '2125709'), ('3', '23760798'), ('3', '7329685'), ('3', '750981'), ('3', '8697030'), ('3', '8885642'), ('3', '9129617'), ('3', '941288'), ('3', '966961'), ('3', '9672613'), ('3', '971603');
COMMIT;

-- ----------------------------
-- Table structure for spider_album
-- ----------------------------
DROP TABLE IF EXISTS `spider_album`;
CREATE TABLE `spider_album` (
`ALBUM_ID_`  int(8) NOT NULL COMMENT '专辑id' ,
`ALBUM_TITLE_`  varchar(64) CHARACTER SET utf8 COLLATE utf8_general_ci NOT NULL COMMENT '专辑名' ,
PRIMARY KEY (`ALBUM_ID_`)
)
ENGINE=InnoDB
DEFAULT CHARACTER SET=utf8 COLLATE=utf8_general_ci
COMMENT='专辑表'

;

-- ----------------------------
-- Records of spider_album
-- ----------------------------
BEGIN;
INSERT INTO `spider_album` VALUES ('62934', '《似水流年》'), ('63414', '《范范的世界》'), ('64742', '《宠爱 张国荣》'), ('65015', '《OK》'), ('66384', '《天使兄弟小白脸》'), ('67308', '《不想放手》'), ('67784', '《解套(大家都说..》'), ('69398', '《时代女性》'), ('70235', '《永远的未央歌 ..》'), ('71107', '《一个任贤齐》'), ('72591', '《一夜长大》'), ('72949', '《第一次》'), ('73072', '《年华》'), ('73078', '《恋恋风尘》'), ('85248', '《Standing Tall》'), ('87053', '《Move Along》'), ('104404', '《地球其实没有..》'), ('104635', '《风云2》'), ('106027', '《苏醒》'), ('115522', '《阿岳正传》'), ('122023', '《We Started N..》'), ('122661', '《第一楠主角》'), ('125389', '《不只深情》'), ('130828', '《Oncoming》'), ('131047', '《The One》'), ('131213', '《初恋》'), ('131986', '《不孤单》'), ('134083', '《Go Your Own..》'), ('134126', '《What My Hear..》'), ('141488', '《ONE芳新歌,精选》'), ('145084', '《格格Blue》'), ('146938', '《To Find Love》'), ('148287', '《空空的心》'), ('155690', '《超模》'), ('155913', '《最爱张艾嘉 最..》'), ('165457', '《滚石香港黄金..》'), ('166763', '《The Fame Mo..》'), ('172838', '《气球》'), ('173209', '《Love and the ..》'), ('173971', '《情义》'), ('174167', '《Happy Girl》'), ('174932', '《我很张含韵》'), ('175599', '《Love Angel M..》'), ('177366', '《作品李宗盛》'), ('179508', '《最初的梦想》'), ('181178', '《我钟意》'), ('182053', '《精选Ii》'), ('182125', '《爱的力量 10年..》'), ('182144', '《校园青春乐》'), ('182772', '《热爱》'), ('183783', '《约定》'), ('184665', '《Weezer (The ..》'), ('187020', '《VIVA》'), ('189113', '《时光机》'), ('189902', '《光阴似健 1987..》'), ('190892', '《我等你》'), ('195583', '《Forever》'), ('195964', '《遇见》'), ('322688', '《Night Songs》'), ('344293', '《Happenstance》'), ('421284', '《The Time Of ..》'), ('429705', '《Pop Princess》'), ('476150', '《The Line-Up》'), ('496937', '《The Singles C..》'), ('677638', '《In Celebration..》'), ('694637', '《Wonderland》'), ('694908', '《Back To Bedlam》'), ('697553', '《Turnaround》'), ('751955', '《Good Girl Gon..》'), ('877947', '《Most Wanted》'), ('878557', '《Just My Luck》'), ('1020562', '《Into White》'), ('1057849', '《Chris Brown》'), ('1133237', '《Spin》'), ('2024749', '《What A Heart..》'), ('2033804', '《In My Time》'), ('2275004', '《Ultimate Yanni》'), ('2461477', '《英皇冠军精选N..》'), ('2477124', '《一起飞》'), ('2478227', '《Love Love Lov..》'), ('2498025', '《苏格拉没有底》'), ('5669377', '《Grown & Sexy》'), ('5718127', '《Femme Fatale》'), ('5731237', '《Traveling Light》'), ('7273364', '《蒙娜丽莎的眼泪》'), ('7273378', '《无法定义黄义达》'), ('7273529', '《从开始到现在 》'), ('7273540', '《专属密码》'), ('7273579', '《单身情歌 超炫..》'), ('7274073', '《狂想的旅程》'), ('7274147', '《流星雨》'), ('7274271', '《我的秘密情人 ..》'), ('7274275', '《跳痛》'), ('7274793', '《搜寻蔡旻佑》'), ('7274797', '《就 i 莫文蔚精选》'), ('7274801', '《绝对收藏》'), ('7274865', '《抱一抱》'), ('7274885', '《爱炫舞盛装舞..》'), ('7291566', '《2Cellos》'), ('7311532', '《全新经验》');
INSERT INTO `spider_album` VALUES ('7311573', '《活出生命Live演..》'), ('7311631', '《C\'Est La V》'), ('7311709', '《爱与交响曲演..》'), ('7311803', '《国语经典101》'), ('7311811', '《广东经典101》'), ('7311894', '《Here I Am》'), ('7313665', '《蔡琴 不了情演..》'), ('7313727', '《Hello…My Nam..》'), ('7314871', '《I Am A Diva》'), ('7315334', '《Born This Way》'), ('7323700', '《来生缘》'), ('7323736', '《出境入境》'), ('7323805', '《影歌集 - 25年..》'), ('7325278', '《My 1St Collect..》'), ('7375684', '《Diana》'), ('7390113', '《How To Save..》'), ('7390915', '《Animal》'), ('7400991', '《The Show》'), ('7401699', '《Lang Lang Liv..》'), ('7516121', '《Lexy 4Th Album》'), ('7589353', '《陪着我的时候..》'), ('7887765', '《花旦》'), ('8059613', '《Frozen》'), ('8192274', '《One Man》'), ('8203316', '《Xan Valleys》'), ('8204658', '《Makes Me Wo..》'), ('8251109', '《No Boundaries》'), ('8253383', '《Single White F..》'), ('8276657', '《WOW》'), ('8324493', '《Knee Deep In..》'), ('8532319', '《Wavin\' Flag》'), ('8689130', '《See You Again》'), ('8689473', '《Greatest Hits -..》'), ('8689574', '《The Soul Provi..》'), ('8693177', '《What\'S A Man..》'), ('8695738', '《Romantic Classics》'), ('8714663', '《Lotus》'), ('8714787', '《Riddle Box》'), ('8737919', '《偏爱你》'), ('8756499', '《The Woodsto..》'), ('8786794', '《Music Of The ..》'), ('9070321', '《原色》'), ('9072491', '《I Dreamed A ..》'), ('9129585', '《Lo Esencial De..》'), ('9334582', '《4 Seasons In ..》'), ('9634693', '《David Cook》'), ('9635222', '《Invincible》'), ('9635437', '《The Innocent..》'), ('9635586', '《Barry Manilow I》'), ('11389232', '《说到爱》'), ('12308226', '《What Makes Y..》'), ('13024268', '《The Best - Re..》'), ('14466014', '《All The Little ..》'), ('14607553', '《大提琴-狂想曲》'), ('17932648', '《卡农变奏曲》'), ('18272726', '《理察钢琴王子2..》'), ('23148574', '《J女神 影音典藏..》'), ('23759057', '《中国最爱儿歌..》'), ('31451534', '《Truth Of Touch》'), ('44276093', '《纯属意外》'), ('114438912', '《Happy》'), ('120905271', '《经典双电子琴-..》'), ('120986183', '《萨克斯风系列..》'), ('120998119', '《世界古典音乐2》'), ('120998121', '《世界古典音乐4》'), ('120998168', '《世界古典音乐1》'), ('121000251', '《双电子琴-琴之恋3》');
COMMIT;

-- ----------------------------
-- Table structure for spider_music
-- ----------------------------
DROP TABLE IF EXISTS `spider_music`;
CREATE TABLE `spider_music` (
`MUSIC_ID_`  int(8) NOT NULL AUTO_INCREMENT COMMENT '音乐ID' ,
`SONG_ID_`  int(8) NOT NULL COMMENT '歌曲在数据库的ID' ,
`SINGER_ID_`  int(8) NULL DEFAULT NULL COMMENT '歌手ID' ,
`ALBUM_ID_`  int(8) NULL DEFAULT NULL COMMENT '专辑ID' ,
PRIMARY KEY (`MUSIC_ID_`)
)
ENGINE=InnoDB
DEFAULT CHARACTER SET=utf8 COLLATE=utf8_general_ci
COMMENT='音乐信息表'
AUTO_INCREMENT=964

;

-- ----------------------------
-- Records of spider_music
-- ----------------------------
BEGIN;
INSERT INTO `spider_music` VALUES ('770', '992148', '1192', '70235'), ('771', '8697224', '177829', '8689574'), ('772', '8698842', '832577', '131047'), ('773', '8701061', '177829', '8689574'), ('774', '8701833', '177829', '8689574'), ('775', '8701849', '177829', '8689574'), ('776', '8696358', '177829', '8689574'), ('777', '7274555', '83561', '7273364'), ('778', '497280', '11720', '496937'), ('779', '707743', '1171', '155913'), ('780', '7321711', '9867', '7311631'), ('781', '314845', '1034', '23148574'), ('782', '7281913', '6042', '7274271'), ('783', '400498', '1571', '104404'), ('784', '8203492', '871895', '8203316'), ('785', '31451542', '4018', '31451534'), ('786', '809875', '1160', '130828'), ('787', '815523', '1090', '106027'), ('788', '8192292', '675325', '8192274'), ('789', '8216756', '1113727', '5731237'), ('790', '8254176', '720759', '8253383'), ('791', '8273053', '200427', '429705'), ('792', '832082', '1182', '195964'), ('793', '8369596', '104675', '1057849'), ('794', '8695123', '104684', '5669377'), ('795', '8698474', '104684', '5669377'), ('796', '8705804', '832577', '8693177'), ('797', '8710473', '8206', '1133237'), ('798', '879787', '177950', '7390113'), ('799', '8852517', '11714', '8756499'), ('800', '9069877', '8477', '9070321'), ('801', '9143474', '819889', '134126'), ('802', '923756', '1119', '179508'), ('803', '924201', '2291', '146938'), ('804', '9334697', '9741', '9334582'), ('805', '992202', '2510', '125389'), ('806', '120998527', '239562591', '120998121'), ('807', '121001284', '239562536', '121000251'), ('808', '120906176', '239562544', '120905271'), ('809', '120986689', '239562540', '120986183'), ('810', '8468373', '4018', '2275004'), ('811', '7457533', '213895', '7401699'), ('812', '120987116', '239562540', '120986183'), ('813', '14609179', '90656228', '14607553'), ('814', '1990049', '4017', '0'), ('815', '120998314', '239562591', '120998119'), ('816', '120998450', '239562591', '120998168'), ('817', '2274883', '4018', '2033804'), ('818', '18268455', '14674804', '18272726'), ('819', '1990280', '4017', '0'), ('820', '2274869', '4018', '677638'), ('821', '17915696', '14674804', '17932648'), ('822', '13024508', '56631', '13024268'), ('823', '120998516', '239562591', '120998168'), ('824', '8205047', '55191', '8204658'), ('825', '8226627', '55579', '877947'), ('826', '8251671', '104622', '8251109'), ('827', '8324526', '834075', '8324493'), ('828', '8324527', '834075', '8324493'), ('829', '8520661', '4761', '7375684'), ('830', '8556148', '177827', '878557'), ('831', '8768844', '104612', '8689130'), ('832', '880106', '177827', '694637'), ('833', '880300', '104639', '694908'), ('834', '8811919', '82414', '8737919'), ('835', '8822399', '56223', '8714663'), ('836', '8875741', '4743', '8786794'), ('837', '9072912', '819889', '134083'), ('838', '9073082', '819889', '134083'), ('839', '9650314', '177393', '9634693'), ('840', '9684134', '201371', '9635437'), ('841', '9684721', '55785', '9635586'), ('842', '431637', '10491', '182144'), ('843', '458267', '88012802', '131213'), ('844', '478356', '1225113', '85248'), ('845', '499348', '48966', '322688'), ('846', '593130', '1252', '67784'), ('847', '593688', '1067', '190892'), ('848', '601710', '1925', '177366'), ('849', '7278804', '2514', '7274073'), ('850', '7319722', '208516', '7311894'), ('851', '7332038', '1182', '7313665'), ('852', '826905', '1152', '122661'), ('853', '843188', '8545', '7311532'), ('854', '847007', '1116', '7274797'), ('855', '8517034', '856684', '87053'), ('856', '8719194', '55569', '8695738'), ('857', '8788332', '844974', '8714787'), ('858', '885339', '1119', '63414'), ('859', '921088', '49248', '697553'), ('860', '938465', '1925', '165457'), ('861', '7314985', '2507', '0'), ('862', '7315671', '2507', '7311709'), ('863', '7317535', '5977', '7311803'), ('864', '7339011', '17301', '7325278'), ('865', '7340868', '8545', '7323805'), ('866', '799446', '1111', '7274865'), ('867', '914140', '1403', '182053'), ('868', '931467', '1097', '189902'), ('869', '949460', '1050', '2461477');
INSERT INTO `spider_music` VALUES ('870', '2498009', '1557', '2498025'), ('871', '1105901', '1314', '73078'), ('872', '7294694', '235935', '7291566'), ('873', '2003014', '2619', '0'), ('874', '1086760', '824004', '344293'), ('875', '1727736', '9062', '1020562'), ('876', '818438', '10496', '174932'), ('877', '221822', '1094', '66384'), ('878', '14496972', '1142', '65015'), ('879', '750863', '1094', '66384'), ('880', '8688355', '9494', '2024749'), ('881', '12348660', '1180', '11389232'), ('882', '267826', '1383', '62934'), ('883', '105955445', '357705', '114438912'), ('884', '7447443', '11714', '7400991'), ('885', '14466286', '66849825', '14466014'), ('886', '12308850', '2375465', '12308226'), ('887', '14387453', '1266', '0'), ('888', '7331713', '1356', '7323736'), ('889', '7335344', '208516', '7313727'), ('890', '7350876', '3944', '7314871'), ('891', '834432', '9179', '7273540'), ('892', '8367623', '104612', '421284'), ('893', '844970', '1292', '145084'), ('894', '845494', '1119', '2478227'), ('895', '847851', '1077', '67308'), ('896', '8532320', '214500', '8532319'), ('897', '904177', '88029366', '148287'), ('898', '906642', '1108', '2477124'), ('899', '9074528', '35239', '9072491'), ('900', '922273', '1108', '72949'), ('901', '930068', '1092', '195583'), ('902', '974156', '1279', '104635'), ('903', '711042', '1244', '141488'), ('904', '7320398', '2507', '7311573'), ('905', '7320404', '2507', '7311573'), ('906', '751126', '1094', '173971'), ('907', '7589352', '1401', '7589353'), ('908', '7887764', '1097', '7887765'), ('909', '792025', '1094', '71107'), ('910', '795823', '1092', '64742'), ('911', '807331', '1209', '183783'), ('912', '809073', '1142', '115522'), ('913', '856060', '1389', '182772'), ('914', '8867095', '1401', '7589353'), ('915', '903754', '1067', '173209'), ('916', '9057683', '1596', '8276657'), ('917', '924794', '1067', '73072'), ('918', '924892', '1067', '190892'), ('919', '938925', '3941', '172838'), ('920', '45473901', '1121', '44276093'), ('921', '68084049', '1871', '0'), ('922', '528647', '6792', '166763'), ('923', '568647', '1047', '187020'), ('924', '578177', '1032', '69398'), ('925', '585899', '176883', '7390915'), ('926', '667152', '1098', '189113'), ('927', '683885', '177980', '122023'), ('928', '7161288', '11720', '5718127'), ('929', '7271605', '6792', '7315334'), ('930', '7280004', '55565', '7274793'), ('931', '7281681', '1116', '7274885'), ('932', '7282036', '1461', '7274275'), ('933', '738401', '53865', '184665'), ('934', '7516473', '88003251', '7516121'), ('935', '751956', '11703', '751955'), ('936', '752574', '11703', '751955'), ('937', '7572272', '11723', '175599'), ('938', '8059614', '88038657', '8059613'), ('939', '935293', '1071', '182125'), ('940', '7275262', '9179', '7273378'), ('941', '7276847', '1118', '7273529'), ('942', '7277793', '83561', '7273579'), ('943', '7277825', '83561', '7273579'), ('944', '7280177', '83561', '7274801'), ('945', '7317533', '1184', '7311803'), ('946', '7317587', '55528', '7311803'), ('947', '7317860', '45561', '7311811'), ('948', '790142', '1067', '190892'), ('949', '816840', '56241', '7274147'), ('950', '846817', '1119', '179508'), ('951', '934505', '1077', '476150'), ('952', '965712', '1095', '72591'), ('953', '2125709', '1141', '155690'), ('954', '23760798', '2374', '23759057'), ('955', '7329685', '1224', '7323700'), ('956', '750981', '1094', '71107'), ('957', '8697030', '11732', '8689473'), ('958', '8885642', '82414', '8737919'), ('959', '9129617', '235474', '9129585'), ('960', '941288', '1090', '131986'), ('961', '966961', '82402', '174167'), ('962', '9672613', '83626', '9635222'), ('963', '971603', '11697', '181178');
COMMIT;

-- ----------------------------
-- Table structure for spider_music_collection
-- ----------------------------
DROP TABLE IF EXISTS `spider_music_collection`;
CREATE TABLE `spider_music_collection` (
`RECORD_ID_`  int(8) NOT NULL AUTO_INCREMENT COMMENT '记录id' ,
`USER_ID_`  int(8) NOT NULL COMMENT '用户id' ,
`MUSIC_ID_`  int(8) NOT NULL COMMENT '音乐id' ,
`DATE_`  datetime NOT NULL ,
PRIMARY KEY (`RECORD_ID_`)
)
ENGINE=InnoDB
DEFAULT CHARACTER SET=utf8 COLLATE=utf8_general_ci
COMMENT='歌曲收藏表'
AUTO_INCREMENT=1

;

-- ----------------------------
-- Records of spider_music_collection
-- ----------------------------
BEGIN;
COMMIT;

-- ----------------------------
-- Table structure for spider_singer
-- ----------------------------
DROP TABLE IF EXISTS `spider_singer`;
CREATE TABLE `spider_singer` (
`SINGER_ID_`  int(8) NOT NULL COMMENT '歌手id' ,
`SINGER_NAME_`  varchar(64) CHARACTER SET utf8 COLLATE utf8_general_ci NOT NULL COMMENT '歌手名字' ,
PRIMARY KEY (`SINGER_ID_`)
)
ENGINE=InnoDB
DEFAULT CHARACTER SET=utf8 COLLATE=utf8_general_ci
COMMENT='歌手表'

;

-- ----------------------------
-- Records of spider_singer
-- ----------------------------
BEGIN;
INSERT INTO `spider_singer` VALUES ('1032', '尚雯婕'), ('1034', '蔡依林'), ('1047', '谢霆锋'), ('1050', 'Twins'), ('1067', '刘若英'), ('1071', '张惠妹'), ('1077', '陈奕迅'), ('1090', '王杰'), ('1092', '张国荣'), ('1094', '任贤齐'), ('1095', '梁静茹'), ('1097', '周华健'), ('1098', '五月天'), ('1108', '成龙'), ('1111', '陈小春'), ('1116', '莫文蔚'), ('1118', '张信哲'), ('1119', '范玮琪'), ('1121', '戴佩妮'), ('1141', '郑希怡'), ('1142', '张震岳'), ('1152', '孙楠'), ('1160', '关智斌'), ('1171', '张艾嘉'), ('1180', '蔡健雅'), ('1182', '蔡琴'), ('1184', '范晓萱'), ('1192', '齐豫'), ('1209', '赵传'), ('1224', '刘德华'), ('1244', '万芳'), ('1252', '彭靖惠'), ('1266', '眉佳'), ('1279', '屠洪刚'), ('1292', '曹格'), ('1314', '老狼'), ('1356', '欧阳菲菲'), ('1383', '李健'), ('1389', '羽泉'), ('1401', '郭静'), ('1403', '周蕙'), ('1461', '戴爱玲'), ('1557', '许嵩'), ('1571', '谢和弦'), ('1596', '陈伟霆'), ('1871', '小文'), ('1925', '李宗盛'), ('2291', '梁洛施'), ('2374', '群星'), ('2507', '张学友'), ('2510', '苏有朋'), ('2514', '韩雪'), ('2619', 'GALA'), ('3941', '许哲佩'), ('3944', 'Mariah Carey'), ('4017', '贝多芬'), ('4018', 'Yanni'), ('4743', 'Jennifer Lopez'), ('4761', 'Diana Ross'), ('5977', '王馨平'), ('6042', '言承旭'), ('6792', 'Lady Gaga'), ('8206', 'Darren Hayes'), ('8477', '杨宗纬'), ('8545', '张柏芝'), ('9062', 'Carly Simon'), ('9179', '黄义达'), ('9494', 'Chris Rice'), ('9741', '卢巧音'), ('9867', '吴建豪'), ('10491', '卓依婷'), ('10496', '张含韵'), ('11697', '梁咏琪'), ('11703', 'Rihanna'), ('11714', 'Lenka'), ('11720', 'Britney Spears'), ('11723', 'Gwen Stefani'), ('11732', 'Backstreet Boys'), ('17301', '张敬轩'), ('35239', 'Susan Boyle'), ('45561', '王菲'), ('48966', 'Cinderella'), ('49248', 'Westlife'), ('53865', 'Weezer'), ('55191', 'Maroon 5'), ('55528', '裘海正'), ('55565', '蔡旻佑'), ('55569', 'Julio Iglesias'), ('55579', 'Hilary Duff'), ('55785', 'Barry Manilow'), ('56223', 'Santana'), ('56241', 'F4'), ('56631', 'Yiruma'), ('82402', '陈慧琳'), ('82414', '郑伊健'), ('83561', '林志炫'), ('83626', 'Michael Jackson'), ('104612', 'Miley Cyrus'), ('104622', 'Adam Lambert'), ('104639', 'James Blunt');
INSERT INTO `spider_singer` VALUES ('104675', 'Chris Brown'), ('104684', 'Babyface'), ('176883', 'Ke$ha'), ('177393', 'David Cook'), ('177827', 'McFly'), ('177829', 'Michael Bolton'), ('177950', 'The Fray'), ('177980', 'The Ting Tings'), ('200427', 'Busted'), ('201371', 'Dan Fogelberg'), ('208516', '关楚耀'), ('213895', '郎朗'), ('214500', 'K Naan'), ('235474', 'Alejandro Fernandez'), ('235935', '2Cellos'), ('357705', 'Pharrell Williams'), ('675325', 'Tank'), ('720759', 'Chely Wright'), ('819889', 'Gareth Gates'), ('824004', 'Rachael Yamagata'), ('832577', 'Frankie J'), ('834075', 'Starship'), ('844974', 'Insane Clown Posse'), ('856684', 'The All-American Rejects'), ('871895', 'Klaxons'), ('1113727', 'Courtney Jaye'), ('1225113', 'Kym Marsh'), ('2375465', 'One Direction'), ('14674804', '贵族乐团'), ('66849825', 'Passenger'), ('88003251', 'Lexy'), ('88012802', '奥华子'), ('88029366', '林帆'), ('88038657', 'Tami Chynn'), ('90656228', '于萍'), ('239562536', '余晖&林建明'), ('239562540', '刘飞&陈广生'), ('239562544', '于波&蕾蕾'), ('239562591', '新雅室内乐');
COMMIT;

-- ----------------------------
-- Table structure for spider_song
-- ----------------------------
DROP TABLE IF EXISTS `spider_song`;
CREATE TABLE `spider_song` (
`SONG_ID_`  int(8) NOT NULL COMMENT '歌曲在数据库的id' ,
`SONG_TITLE_`  varchar(255) CHARACTER SET utf8 COLLATE utf8_general_ci NULL DEFAULT NULL COMMENT '歌名' ,
`SONG_PIC_`  varchar(255) CHARACTER SET utf8 COLLATE utf8_general_ci NULL DEFAULT NULL COMMENT '歌曲图片链接' ,
`SONG_DIR_`  varchar(255) CHARACTER SET utf8 COLLATE utf8_general_ci NULL DEFAULT NULL COMMENT '歌曲目录位置' ,
PRIMARY KEY (`SONG_ID_`)
)
ENGINE=InnoDB
DEFAULT CHARACTER SET=utf8 COLLATE=utf8_general_ci
COMMENT='歌曲表'

;

-- ----------------------------
-- Records of spider_song
-- ----------------------------
BEGIN;
INSERT INTO `spider_song` VALUES ('221822', '希望你明年冬天会回来', 'http://musicdata.baidu.com/data2/pic/246709489/246709489.jpg@s_0,w_300', 'F:\\\\songDir\\希望你明年冬天会回来.mp3'), ('267826', '远', 'http://musicdata.baidu.com/data2/pic/88359093/88359093.jpg@s_0,w_300', 'F:\\\\songDir\\远.mp3'), ('314845', '许愿池的希腊少女', 'http://musicdata.baidu.com/data2/pic/246706974/246706974.jpg@s_0,w_300', 'F:\\\\songDir\\许愿池的希腊少女.mp3'), ('400498', '地球其实没有那么危险', 'http://musicdata.baidu.com/data2/pic/86420577/86420577.jpg@s_0,w_300', 'F:\\\\songDir\\地球其实没有那么危险.mp3'), ('431637', '雨中即景', 'http://musicdata.baidu.com/data2/pic/be0a519895219029723890a146a9b440/549378517/549378517.jpg@s_0,w_300', 'F:\\\\songDir\\雨中即景.mp3'), ('458267', 'ガーネット', 'http://musicdata.baidu.com/data2/music/247F2C10FFE099A06D795749AC0B801F/252165072/252165072.jpg@s_0,w_300', 'F:\\\\songDir\\ガーネット.mp3'), ('478356', 'Cry', 'http://musicdata.baidu.com/data2/music/8B246DC5AF5272AD0A774268CFC55EA8/252086526/252086526.jpg@s_0,w_300', 'F:\\\\songDir\\Cry.mp3'), ('497280', 'Circus', 'http://musicdata.baidu.com/data2/pic/115091818/115091818.jpg@s_0,w_300', 'F:\\\\songDir\\Circus.mp3'), ('499348', 'Night Songs', 'http://musicdata.baidu.com/data2/music/BE8A1C5A4A094203905A8349B9EF882D/252125665/252125665.jpg@s_0,w_300', 'F:\\\\songDir\\Night Songs.mp3'), ('528647', 'Bad Romance', 'http://musicdata.baidu.com/data2/pic/246937245/246937245.jpg@s_0,w_300', 'F:\\\\songDir\\Bad Romance.mp3'), ('568647', '活着Viva', 'http://musicdata.baidu.com/data2/pic/246586036/246586036.jpg@s_0,w_300', 'F:\\\\songDir\\活着Viva.mp3'), ('578177', '永不停歇', 'http://musicdata.baidu.com/data2/pic/d4fee261661297d8ebbbdf7b03881401/271658211/271658211.jpg@s_0,w_300', 'F:\\\\songDir\\永不停歇.mp3'), ('585899', 'Tik Tok', 'http://musicdata.baidu.com/data2/pic/246937203/246937203.jpg@s_0,w_300', 'F:\\\\songDir\\Tik Tok.mp3'), ('593130', '天黑了就回家', 'http://musicdata.baidu.com/data2/music/D1BF2661D9D85C56DAFA09C8C86D66D1/252053237/252053237.jpg@s_0,w_300', 'F:\\\\songDir\\天黑了就回家.mp3'), ('593688', '左岸', 'http://musicdata.baidu.com/data2/pic/51677db1f7b51f1f1bacd1a2498665ff/190892/190892.jpg@s_1,w_300,h_300', 'F:\\\\songDir\\左岸.mp3'), ('601710', '17岁女生的温柔', 'http://musicdata.baidu.com/data2/pic/246668318/246668318.jpg@s_0,w_300', 'F:\\\\songDir\\17岁女生的温柔.mp3'), ('667152', '别惹我', 'http://musicdata.baidu.com/data2/pic/c866b4e2c57ea4b11b85a2a4f75d474d/533504710/533504710.jpg@s_0,w_300', 'F:\\\\songDir\\别惹我.mp3'), ('683885', 'Shut Up And Let Me Go', 'http://musicdata.baidu.com/data2/pic/cb0bf93d3745b73baa1091c040659638/106114491/106114491.jpg@s_0,w_300', 'F:\\\\songDir\\Shut Up And Let Me Go.mp3'), ('707743', '因为寂寞', 'http://musicdata.baidu.com/data2/music/C38604C4D736BE9E878BC3EFFEDC7CC0/252052316/252052316.jpg@s_0,w_300', 'F:\\\\songDir\\因为寂寞.mp3'), ('711042', '新不了情', 'http://musicdata.baidu.com/data2/pic/86388249/86388249.jpg@s_0,w_300', 'F:\\\\songDir\\新不了情.mp3'), ('738401', 'Troublemaker', 'http://musicdata.baidu.com/data2/music/C57501165EB5BEC60D6F6A432E91DCD0/252378043/252378043.jpg@s_0,w_300', 'F:\\\\songDir\\Troublemaker.mp3'), ('750863', '天使也一样', 'http://musicdata.baidu.com/data2/pic/246709489/246709489.jpg@s_0,w_300', 'F:\\\\songDir\\天使也一样.mp3'), ('750981', '不再让你孤单', 'http://musicdata.baidu.com/data2/pic/246709489/246709489.jpg@s_0,w_300', 'F:\\\\songDir\\不再让你孤单.mp3'), ('751126', '我是一只鱼', 'http://musicdata.baidu.com/data2/pic/246709489/246709489.jpg@s_0,w_300', 'F:\\\\songDir\\我是一只鱼.mp3'), ('751956', 'Umbrella', 'http://musicdata.baidu.com/data2/pic/246937385/246937385.jpg@s_0,w_300', 'F:\\\\songDir\\Umbrella.mp3'), ('752574', 'Disturbia', 'http://musicdata.baidu.com/data2/pic/246937385/246937385.jpg@s_0,w_300', 'F:\\\\songDir\\Disturbia.mp3'), ('790142', '后来', 'http://musicdata.baidu.com/data2/pic/246708144/246708144.jpg@s_0,w_300', 'F:\\\\songDir\\后来.mp3'), ('792025', '一个人', 'http://musicdata.baidu.com/data2/pic/246709489/246709489.jpg@s_0,w_300', 'F:\\\\songDir\\一个人.mp3'), ('795823', '今生今世', 'http://musicdata.baidu.com/data2/pic/246709908/246709908.jpg@s_0,w_300', 'F:\\\\songDir\\今生今世.mp3'), ('799446', '我爱的人', 'http://musicdata.baidu.com/data2/pic/4776c251a125b455f1c6a469f22f0efc/7274865/7274865.jpg@s_1,w_300,h_300', 'F:\\\\songDir\\我爱的人.mp3'), ('807331', '爱要怎么说出口', 'http://musicdata.baidu.com/data2/pic/b78856798d5137cf530926e60f8fb166/260256392/260256392.jpg@s_0,w_300', 'F:\\\\songDir\\爱要怎么说出口.mp3'), ('809073', '我会想念你', 'http://musicdata.baidu.com/data2/pic/246710007/246710007.jpg@s_0,w_300', 'F:\\\\songDir\\我会想念你.mp3'), ('809875', '分手不要太悲哀', 'http://musicdata.baidu.com/data2/music/95E906390CC6ECF82664CD92AAA8F36E/252052530/252052530.jpg@s_0,w_300', 'F:\\\\songDir\\分手不要太悲哀.mp3'), ('815523', '无声电影', 'http://musicdata.baidu.com/data2/pic/246709740/246709740.jpg@s_0,w_300', 'F:\\\\songDir\\无声电影.mp3'), ('816840', '第一时间', 'http://musicdata.baidu.com/data2/pic/48c8f7f805909da275b3afb641cd39b2/551424362/551424362.jpg@s_1,w_300,h_300', 'F:\\\\songDir\\第一时间.mp3'), ('818438', '酸酸甜甜就是我', 'http://musicdata.baidu.com/data2/pic/dbca6c076f8c4938d5a1f5b3f9bfd9e6/174932/174932.jpg@s_1,w_300,h_300', 'F:\\\\songDir\\酸酸甜甜就是我.mp3'), ('826905', '一生约定', 'http://musicdata.baidu.com/data2/pic/246709570/246709570.jpg@s_0,w_300', 'F:\\\\songDir\\一生约定.mp3'), ('832082', '张三的歌', 'http://musicdata.baidu.com/data2/pic/246584689/246584689.jpg@s_0,w_300', 'F:\\\\songDir\\张三的歌.mp3'), ('834432', '征服自己', 'http://musicdata.baidu.com/data2/pic/86381204/86381204.jpg@s_0,w_300', 'F:\\\\songDir\\征服自己.mp3'), ('843188', '经验', 'http://musicdata.baidu.com/data2/music/19DF35BFE9D9B9400792CCE496CE1AD2/252060472/252060472.jpg@s_0,w_300', 'F:\\\\songDir\\经验.mp3'), ('844970', '刮目相看', 'http://musicdata.baidu.com/data2/pic/f05c8d57c322a281f78c5f4c5c76252d/543970744/543970744.jpg@s_0,w_300', 'F:\\\\songDir\\刮目相看.mp3'), ('845494', '最初的梦想', 'http://musicdata.baidu.com/data2/pic/246707511/246707511.jpg@s_0,w_300', 'F:\\\\songDir\\最初的梦想.mp3'), ('846817', '可不可以不勇敢', 'http://musicdata.baidu.com/data2/pic/246707511/246707511.jpg@s_0,w_300', 'F:\\\\songDir\\可不可以不勇敢.mp3'), ('847007', 'I Will Be Fine', 'http://musicdata.baidu.com/data2/pic/246709290/246709290.jpg@s_0,w_300', 'F:\\\\songDir\\I Will Be Fine.mp3'), ('847851', '路...一直都在', 'http://musicdata.baidu.com/data2/pic/af739e0109798366b9419230be5253ce/541222074/541222074.jpg@s_0,w_300', 'F:\\\\songDir\\路...一直都在.mp3'), ('856060', '烫心', 'http://musicdata.baidu.com/data2/pic/246586431/246586431.jpg@s_0,w_300', 'F:\\\\songDir\\烫心.mp3'), ('879787', 'How To Save A Life', 'http://musicdata.baidu.com/data2/music/5A980124B61CD802996936E459710DCC/252060599/252060599.jpg@s_0,w_300', 'F:\\\\songDir\\How To Save A Life.mp3'), ('880106', 'Nothing', 'http://musicdata.baidu.com/data2/music/144AAD401B9FE61BA9009AEF0B0DB6E7/252335710/252335710.jpg@s_0,w_300', 'F:\\\\songDir\\Nothing.mp3'), ('880300', 'No Bravery', 'http://musicdata.baidu.com/data2/pic/86402580/86402580.jpg@s_0,w_300', 'F:\\\\songDir\\No Bravery.mp3'), ('885339', 'You Have A Black Heart', 'http://musicdata.baidu.com/data2/pic/246707511/246707511.jpg@s_0,w_300', 'F:\\\\songDir\\You Have A Black Heart.mp3'), ('903754', '一辈子的孤单', 'http://musicdata.baidu.com/data2/pic/246708144/246708144.jpg@s_0,w_300', 'F:\\\\songDir\\一辈子的孤单.mp3'), ('904177', '漫漫长路', 'http://musicdata.baidu.com/data2/music/40CB4A3B1AC13A82A8D4F2F0C99DDF73/252160816/252160816.jpg@s_0,w_300', 'F:\\\\songDir\\漫漫长路.mp3'), ('906642', '壮志在我胸', 'http://musicdata.baidu.com/data2/pic/246707277/246707277.jpg@s_0,w_300', 'F:\\\\songDir\\壮志在我胸.mp3'), ('914140', '好想好好爱你', 'http://musicdata.baidu.com/data2/pic/86402980/86402980.jpg@s_0,w_300', 'F:\\\\songDir\\好想好好爱你.mp3'), ('921088', 'Thank You', 'http://musicdata.baidu.com/data2/pic/c1459ab547ec3e51322e172e70354458/115415158/115415158.jpg@s_0,w_300', 'F:\\\\songDir\\Thank You.mp3'), ('922273', '潮起潮落陪你度过', 'http://musicdata.baidu.com/data2/pic/246707277/246707277.jpg@s_0,w_300', 'F:\\\\songDir\\潮起潮落陪你度过.mp3'), ('923756', '启程', 'http://musicdata.baidu.com/data2/pic/246707511/246707511.jpg@s_0,w_300', 'F:\\\\songDir\\启程.mp3'), ('924201', '有鬼', 'http://musicdata.baidu.com/data2/music/23A47F795872C039843B2392C91CF81E/252165729/252165729.jpg@s_0,w_300', 'F:\\\\songDir\\有鬼.mp3'), ('924794', '成全', 'http://musicdata.baidu.com/data2/pic/246708144/246708144.jpg@s_0,w_300', 'F:\\\\songDir\\成全.mp3'), ('924892', '对白', 'http://musicdata.baidu.com/data2/pic/246708144/246708144.jpg@s_0,w_300', 'F:\\\\songDir\\对白.mp3'), ('930068', '我', 'http://musicdata.baidu.com/data2/pic/246709908/246709908.jpg@s_0,w_300', 'F:\\\\songDir\\我.mp3'), ('931467', '风雨无阻', 'http://musicdata.baidu.com/data2/pic/246710232/246710232.jpg@s_0,w_300', 'F:\\\\songDir\\风雨无阻.mp3'), ('934505', '1874', 'http://musicdata.baidu.com/data2/pic/af739e0109798366b9419230be5253ce/541222074/541222074.jpg@s_0,w_300', 'F:\\\\songDir\\1874.mp3'), ('935293', '发生什么事', 'http://musicdata.baidu.com/data2/pic/246709796/246709796.jpg@s_0,w_300', 'F:\\\\songDir\\发生什么事.mp3'), ('938465', '生命中的精灵', 'http://musicdata.baidu.com/data2/pic/246668318/246668318.jpg@s_0,w_300', 'F:\\\\songDir\\生命中的精灵.mp3'), ('938925', '气球', 'http://musicdata.baidu.com/data2/pic/86398592/86398592.jpg@s_0,w_300', 'F:\\\\songDir\\气球.mp3'), ('941288', '真空', 'http://musicdata.baidu.com/data2/pic/246709740/246709740.jpg@s_0,w_300', 'F:\\\\songDir\\真空.mp3'), ('949460', '下一站天后', 'http://musicdata.baidu.com/data2/pic/d16e4b1fcbea97a446512d4a4ba7abe7/544173112/544173112.jpg@s_0,w_300', 'F:\\\\songDir\\下一站天后.mp3'), ('965712', '彩虹', 'http://musicdata.baidu.com/data2/pic/246707883/246707883.jpg@s_0,w_300', 'F:\\\\songDir\\彩虹.mp3'), ('966961', '面红', 'http://musicdata.baidu.com/data2/pic/246669703/246669703.jpg@s_0,w_300', 'F:\\\\songDir\\面红.mp3'), ('971603', '无所不在', 'http://musicdata.baidu.com/data2/pic/246680375/246680375.jpg@s_0,w_300', 'F:\\\\songDir\\无所不在.mp3'), ('974156', '精忠报国', 'http://musicdata.baidu.com/data2/music/797ABD8344B8AA2AA58C29510BB2AFA5/252053174/252053174.jpg@s_0,w_300', 'F:\\\\songDir\\精忠报国.mp3'), ('992148', '摇篮曲', 'http://musicdata.baidu.com/data2/music/94C77FAADE0A19B3487A949A281F6DEE/252052234/252052234.jpg@s_0,w_300', 'F:\\\\songDir\\摇篮曲.mp3'), ('992202', '我的好心情', 'http://musicdata.baidu.com/data2/music/A0E54B76B458B86B13A61FF5623C1AD4/252052090/252052090.jpg@s_0,w_300', 'F:\\\\songDir\\我的好心情.mp3'), ('1086760', 'Be Be Your Love', 'http://musicdata.baidu.com/data2/music/4F4D878D8779AF41F8825013705599B2/252143303/252143303.jpg@s_0,w_300', 'F:\\\\songDir\\Be Be Your Love.mp3'), ('1105901', '美人', 'http://musicdata.baidu.com/data2/pic/ff8a54b6819bc6227465f03a868169c8/274144087/274144087.jpg@s_0,w_300', 'F:\\\\songDir\\美人.mp3'), ('1727736', 'You Are My Sunshine', 'http://musicdata.baidu.com/data2/music/18C8B41800552EAD9BD3E4ED32689F36/252133647/252133647.jpg@s_0,w_300', 'F:\\\\songDir\\You Are My Sunshine.mp3'), ('1990049', '小步舞曲', 'http://musicdata.baidu.com/data2/pic/f4031d004cf42e272a00f8e11c5d78ec/261060350/261060350.jpg@s_0,w_300', 'F:\\\\songDir\\小步舞曲.mp3'), ('1990280', '献给爱丽丝', 'http://musicdata.baidu.com/data2/pic/f4031d004cf42e272a00f8e11c5d78ec/261060350/261060350.jpg@s_0,w_300', 'F:\\\\songDir\\献给爱丽丝.mp3'), ('2003014', 'Young For You', 'http://musicdata.baidu.com/data2/pic/51fa010206e1d11d48f107332b9bbc77/310720559/310720559.jpg@s_0,w_300', 'F:\\\\songDir\\Young For You.mp3'), ('2125709', '超模', 'http://musicdata.baidu.com/data2/music/F7A9E9F7FA8CB7B2E46715FCBE57EA47/252052853/252052853.jpg@s_0,w_300', 'F:\\\\songDir\\超模.mp3'), ('2274869', 'Santorini', 'http://musicdata.baidu.com/data2/pic/1c22bd6b878666680877b767c252ac9c/540804793/540804793.jpg@s_0,w_300', 'F:\\\\songDir\\Santorini.mp3'), ('2274883', 'The End Of August', 'http://musicdata.baidu.com/data2/pic/1c22bd6b878666680877b767c252ac9c/540804793/540804793.jpg@s_0,w_300', 'F:\\\\songDir\\The End Of August.mp3'), ('2498009', '微博控', 'http://musicdata.baidu.com/data2/pic/246586325/246586325.jpg@s_0,w_300', 'F:\\\\songDir\\微博控.mp3'), ('7161288', 'I Wanna Go', 'http://musicdata.baidu.com/data2/pic/115091818/115091818.jpg@s_0,w_300', 'F:\\\\songDir\\I Wanna Go.mp3'), ('7271605', 'Judas', 'http://musicdata.baidu.com/data2/pic/246937245/246937245.jpg@s_0,w_300', 'F:\\\\songDir\\Judas.mp3'), ('7274555', '蒙娜丽莎的眼泪', 'http://musicdata.baidu.com/data2/pic/3ba8c8d1a2c7ef3bcfa8f747ae1a7b6c/7273364/7273364.jpg@s_1,w_300,h_300', 'F:\\\\songDir\\蒙娜丽莎的眼泪.mp3'), ('7275262', '蓝天', 'http://musicdata.baidu.com/data2/music/76D3F96D5A212A80207C98FDE7831386/252477274/252477274.jpg@s_0,w_300', 'F:\\\\songDir\\蓝天.mp3'), ('7276847', '回来', 'http://musicdata.baidu.com/data2/pic/f4d209e85008e1d31819a0b519d3360b/7273529/7273529.jpg@s_1,w_300,h_300', 'F:\\\\songDir\\回来.mp3'), ('7277793', '单身情歌', 'http://musicdata.baidu.com/data2/pic/95042d22ed65028bff06b5d054faceaf/542130817/542130817.jpg@s_0,w_300', 'F:\\\\songDir\\单身情歌.mp3'), ('7277825', '散了吧', 'http://musicdata.baidu.com/data2/pic/95042d22ed65028bff06b5d054faceaf/542130817/542130817.jpg@s_0,w_300', 'F:\\\\songDir\\散了吧.mp3'), ('7278804', '握你的手', 'http://musicdata.baidu.com/data2/pic/86374598/86374598.jpg@s_0,w_300', 'F:\\\\songDir\\握你的手.mp3'), ('7280004', '我回来了', 'http://musicdata.baidu.com/data2/music/76EE6FFF73039C73DDBADA3F6BA65456/252503825/252503825.jpg@s_0,w_300', 'F:\\\\songDir\\我回来了.mp3'), ('7280177', '离人', 'http://musicdata.baidu.com/data2/pic/f2b829ab6915c0a9fd78e51a7ef2e649/7274801/7274801.jpg@s_1,w_300,h_300', 'F:\\\\songDir\\离人.mp3'), ('7281681', '24hrs', 'http://musicdata.baidu.com/data2/pic/246709290/246709290.jpg@s_0,w_300', 'F:\\\\songDir\\24hrs.mp3'), ('7281913', '地心引力', 'http://musicdata.baidu.com/data2/music/A73E1526D08BE04AE97C4CEF87D6764B/252468660/252468660.jpg@s_0,w_300', 'F:\\\\songDir\\地心引力.mp3'), ('7282036', '昨天的明天', 'http://musicdata.baidu.com/data2/music/8151346F227673FEDDAD76D003C157B4/252054810/252054810.jpg@s_0,w_300', 'F:\\\\songDir\\昨天的明天.mp3'), ('7294694', 'With Or Without You', 'http://musicdata.baidu.com/data2/music/64BD96C04D7525EF28DAFD2F1E9AA8FB/252441216/252441216.jpg@s_0,w_300', 'F:\\\\songDir\\With Or Without You.mp3'), ('7314985', '苦恋', 'http://musicdata.baidu.com/data2/pic/246669552/246669552.jpg@s_0,w_300', 'F:\\\\songDir\\苦恋.mp3'), ('7315671', '祝福', 'http://musicdata.baidu.com/data2/pic/246669552/246669552.jpg@s_0,w_300', 'F:\\\\songDir\\祝福.mp3');
INSERT INTO `spider_song` VALUES ('7317533', '雪人', 'http://musicdata.baidu.com/data2/pic/86384818/86384818.jpg@s_0,w_300', 'F:\\\\songDir\\雪人.mp3'), ('7317535', '别问我是谁', 'http://musicdata.baidu.com/data2/music/32E1E3131043321EE911BF6E4184721A/252056543/252056543.jpg@s_0,w_300', 'F:\\\\songDir\\别问我是谁.mp3'), ('7317587', '爱我的人和我爱的人', 'http://musicdata.baidu.com/data2/music/EA402D091BF9A2897D82ADCD39D6D07F/252060562/252060562.jpg@s_0,w_300', 'F:\\\\songDir\\爱我的人和我爱的人.mp3'), ('7317860', '容易受伤的女人', 'http://musicdata.baidu.com/data2/pic/246668439/246668439.jpg@s_0,w_300', 'F:\\\\songDir\\容易受伤的女人.mp3'), ('7319722', '一年', 'http://musicdata.baidu.com/data2/music/E76C1D8AC0C0522D052175701CE97B5F/252054815/252054815.jpg@s_0,w_300', 'F:\\\\songDir\\一年.mp3'), ('7320398', '味道', 'http://musicdata.baidu.com/data2/pic/246669552/246669552.jpg@s_0,w_300', 'F:\\\\songDir\\味道.mp3'), ('7320404', '情人', 'http://musicdata.baidu.com/data2/pic/246669552/246669552.jpg@s_0,w_300', 'F:\\\\songDir\\情人.mp3'), ('7321711', 'Is This All', 'http://musicdata.baidu.com/data2/pic/815d69b83419b6cc5ae6d5e744b48abe/277292599/277292599.jpeg@s_0,w_300', 'F:\\\\songDir\\Is This All.mp3'), ('7329685', '说再见以后是不是能再见', 'http://musicdata.baidu.com/data2/pic/246708103/246708103.jpg@s_0,w_300', 'F:\\\\songDir\\说再见以后是不是能再见.mp3'), ('7331713', '感恩的心', 'http://musicdata.baidu.com/data2/pic/86397264/86397264.jpg@s_0,w_300', 'F:\\\\songDir\\感恩的心.mp3'), ('7332038', '往事只能回味', 'http://musicdata.baidu.com/data2/pic/246584689/246584689.jpg@s_0,w_300', 'F:\\\\songDir\\往事只能回味.mp3'), ('7335344', '向上', 'http://musicdata.baidu.com/data2/music/E76C1D8AC0C0522D052175701CE97B5F/252054815/252054815.jpg@s_0,w_300', 'F:\\\\songDir\\向上.mp3'), ('7339011', '期待', 'http://musicdata.baidu.com/data2/pic/246681616/246681616.jpg@s_0,w_300', 'F:\\\\songDir\\期待.mp3'), ('7340868', '忘了忘不了', 'http://musicdata.baidu.com/data2/music/19DF35BFE9D9B9400792CCE496CE1AD2/252060472/252060472.jpg@s_0,w_300', 'F:\\\\songDir\\忘了忘不了.mp3'), ('7350876', 'Through The Rain', 'http://musicdata.baidu.com/data2/pic/86402238/86402238.jpg@s_0,w_300', 'F:\\\\songDir\\Through The Rain.mp3'), ('7447443', 'The Show', 'http://musicdata.baidu.com/data2/pic/90db63706072b34d2a99f57243b015e6/7400991/7400991.jpg@s_1,w_300,h_300', 'F:\\\\songDir\\The Show.mp3'), ('7457533', 'Piano Sonata No. 3 In C Major, Op. 2: Iv. Allegro Assai', 'http://musicdata.baidu.com/data2/music/91A5A87349F3DEFC126875A5C35D5878/252065337/252065337.jpg@s_0,w_300', 'F:\\\\songDir\\Piano Sonata No. 3 In C Major, Op. 2: Iv. Allegro Assai.mp3'), ('7516473', 'Ma People', '', 'F:\\\\songDir\\Ma People.mp3'), ('7572272', 'Hollaback Girl', 'http://musicdata.baidu.com/data2/music/CC8BE326047F26EA573DBAD5604C3833/252136506/252136506.jpg@s_0,w_300', 'F:\\\\songDir\\Hollaback Girl.mp3'), ('7589352', '陪着我的时候想着她', 'http://musicdata.baidu.com/data2/pic/246680227/246680227.jpg@s_0,w_300', 'F:\\\\songDir\\陪着我的时候想着她.mp3'), ('7887764', '哭砂', 'http://musicdata.baidu.com/data2/pic/246710232/246710232.jpg@s_0,w_300', 'F:\\\\songDir\\哭砂.mp3'), ('8059614', 'Frozen', 'http://musicdata.baidu.com/data2/music/2393D6E7215B54537803765160D3C78F/252470159/252470159.jpg@s_0,w_300', 'F:\\\\songDir\\Frozen.mp3'), ('8192292', 'I Still Believe', 'http://musicdata.baidu.com/data2/pic/246669568/246669568.jpg@s_0,w_300', 'F:\\\\songDir\\I Still Believe.mp3'), ('8203492', 'Atlantis To Interzone', 'http://musicdata.baidu.com/data2/music/9A9D91ACA5AADE22A536D24B9E515E0C/252119725/252119725.jpg@s_0,w_300', 'F:\\\\songDir\\Atlantis To Interzone.mp3'), ('8205047', 'The Way I Was', 'http://musicdata.baidu.com/data2/pic/246937259/246937259.jpg@s_0,w_300', 'F:\\\\songDir\\The Way I Was.mp3'), ('8216756', 'Traveling Light', 'http://musicdata.baidu.com/data2/music/B407ED8BE515E8C4B32CA5CF9E12028B/252646262/252646262.jpg@s_0,w_300', 'F:\\\\songDir\\Traveling Light.mp3'), ('8226627', 'Girl Can Rock', 'http://musicdata.baidu.com/data2/music/9B370A8BB1B15786871B1F79BF62AE71/252142363/252142363.jpg@s_0,w_300', 'F:\\\\songDir\\Girl Can Rock.mp3'), ('8251671', 'No Boundaries', 'http://musicdata.baidu.com/data2/pic/246936784/246936784.jpg@s_0,w_300', 'F:\\\\songDir\\No Boundaries.mp3'), ('8254176', 'Unknown', 'http://musicdata.baidu.com/data2/music/94267B5593400DC472D32AC60A76ED5C/252079165/252079165.jpg@s_0,w_300', 'F:\\\\songDir\\Unknown.mp3'), ('8273053', 'Year 3000', 'http://musicdata.baidu.com/data2/music/89FCC3D2C5CF006F48F0AA1E479D8E3B/252132627/252132627.jpg@s_0,w_300', 'F:\\\\songDir\\Year 3000.mp3'), ('8324526', 'We Built This City', 'http://musicdata.baidu.com/data2/music/1A97CB631E70E9029D6346E0D4563B02/252363280/252363280.jpg@s_0,w_300', 'F:\\\\songDir\\We Built This City.mp3'), ('8324527', 'Sara', 'http://musicdata.baidu.com/data2/music/1A97CB631E70E9029D6346E0D4563B02/252363280/252363280.jpg@s_0,w_300', 'F:\\\\songDir\\Sara.mp3'), ('8367623', 'The Climb', 'http://musicdata.baidu.com/data2/pic/86422864/86422864.jpg@s_0,w_300', 'F:\\\\songDir\\The Climb.mp3'), ('8369596', 'Gimme That', 'http://musicdata.baidu.com/data2/pic/86399523/86399523.jpg@s_0,w_300', 'F:\\\\songDir\\Gimme That.mp3'), ('8468373', 'One Man\'s Dream', 'http://musicdata.baidu.com/data2/pic/1c22bd6b878666680877b767c252ac9c/540804793/540804793.jpg@s_0,w_300', 'F:\\\\songDir\\One Man\'s Dream.mp3'), ('8517034', 'Dance Inside', 'http://musicdata.baidu.com/data2/music/0E7D6A30381AFB4A8D361F05D76F4271/252108780/252108780.jpg@s_0,w_300', 'F:\\\\songDir\\Dance Inside.mp3'), ('8520661', 'Give Up', 'http://musicdata.baidu.com/data2/music/D5825220CA86D99B7BBAB15A0B08A56B/252137209/252137209.jpg@s_0,w_300', 'F:\\\\songDir\\Give Up.mp3'), ('8532320', 'Wavin\'  Flag', 'http://musicdata.baidu.com/data2/music/0F023EFF4EE18A0264515E6BC01BDA23/252740027/252740027.jpg@s_0,w_300', 'F:\\\\songDir\\Wavin\'  Flag.mp3'), ('8556148', 'I\'Ll Be Ok', 'http://musicdata.baidu.com/data2/music/144AAD401B9FE61BA9009AEF0B0DB6E7/252335710/252335710.jpg@s_0,w_300', 'F:\\\\songDir\\I\'Ll Be Ok.mp3'), ('8688355', 'Lemonade', 'http://musicdata.baidu.com/data2/music/6A4AAAEDBC87735F1BFB7DEEECF7DD57/252404894/252404894.jpg@s_0,w_300', 'F:\\\\songDir\\Lemonade.mp3'), ('8695123', 'She', 'http://musicdata.baidu.com/data2/pic/86396355/86396355.jpg@s_0,w_300', 'F:\\\\songDir\\She.mp3'), ('8696358', 'Lean On Me', 'http://musicdata.baidu.com/data2/music/56DB3D9821280C5DE792ABFF3881585A/252377643/252377643.jpg@s_0,w_300', 'F:\\\\songDir\\Lean On Me.mp3'), ('8697030', 'The Perfect Fan', 'http://musicdata.baidu.com/data2/pic/86610183/86610183.jpg@s_0,w_300', 'F:\\\\songDir\\The Perfect Fan.mp3'), ('8697224', 'The Best Of Love', 'http://musicdata.baidu.com/data2/music/56DB3D9821280C5DE792ABFF3881585A/252377643/252377643.jpg@s_0,w_300', 'F:\\\\songDir\\The Best Of Love.mp3'), ('8698474', 'Tonight It\'S Goin\' Down', 'http://musicdata.baidu.com/data2/music/4251672FFB9F82F4A2758641AD581FD9/252458809/252458809.jpg@s_0,w_300', 'F:\\\\songDir\\Tonight It\'S Goin\' Down.mp3'), ('8698842', 'Don\'T Wanna Try', 'http://musicdata.baidu.com/data2/music/7D08BA2230EE583127F523378135C295/252140510/252140510.jpg@s_0,w_300', 'F:\\\\songDir\\Don\'T Wanna Try.mp3'), ('8701061', 'Said I Loved You...But I Lied', 'http://musicdata.baidu.com/data2/music/56DB3D9821280C5DE792ABFF3881585A/252377643/252377643.jpg@s_0,w_300', 'F:\\\\songDir\\Said I Loved You...But I Lied.mp3'), ('8701833', 'When A Man Loves A Woman', 'http://musicdata.baidu.com/data2/music/56DB3D9821280C5DE792ABFF3881585A/252377643/252377643.jpg@s_0,w_300', 'F:\\\\songDir\\When A Man Loves A Woman.mp3'), ('8701849', 'Missing You Now', 'http://musicdata.baidu.com/data2/music/56DB3D9821280C5DE792ABFF3881585A/252377643/252377643.jpg@s_0,w_300', 'F:\\\\songDir\\Missing You Now.mp3'), ('8705804', 'Wanna Know', 'http://musicdata.baidu.com/data2/music/7D08BA2230EE583127F523378135C295/252140510/252140510.jpg@s_0,w_300', 'F:\\\\songDir\\Wanna Know.mp3'), ('8710473', 'I Miss You', 'http://musicdata.baidu.com/data2/music/AEA58E2C110A756A8830D385E09FEC86/252133328/252133328.jpg@s_0,w_300', 'F:\\\\songDir\\I Miss You.mp3'), ('8719194', 'Careless Whisper', 'http://musicdata.baidu.com/data2/music/72A39DF48F3050D6BCC635F6853A38AB/252368897/252368897.jpg@s_0,w_300', 'F:\\\\songDir\\Careless Whisper.mp3'), ('8768844', 'See You Again', 'http://musicdata.baidu.com/data2/pic/86422864/86422864.jpg@s_0,w_300', 'F:\\\\songDir\\See You Again.mp3'), ('8788332', 'Toy Box', 'http://musicdata.baidu.com/data2/music/D15C34C16A6031437F13E0C02475C8E2/252116778/252116778.jpg@s_0,w_300', 'F:\\\\songDir\\Toy Box.mp3'), ('8811919', '至少还有我', 'http://musicdata.baidu.com/data2/pic/246586247/246586247.jpg@s_0,w_300', 'F:\\\\songDir\\至少还有我.mp3'), ('8822399', 'Black Magic Woman', 'http://musicdata.baidu.com/data2/music/4B4ED12723D3E7CD325AEED994512323/252104617/252104617.jpg@s_0,w_300', 'F:\\\\songDir\\Black Magic Woman.mp3'), ('8852517', 'We Will Not Grow Old', 'http://musicdata.baidu.com/data2/pic/86424777/86424777.jpg@s_0,w_300', 'F:\\\\songDir\\We Will Not Grow Old.mp3'), ('8867095', '离开', 'http://musicdata.baidu.com/data2/pic/246680227/246680227.jpg@s_0,w_300', 'F:\\\\songDir\\离开.mp3'), ('8875741', 'Baila', 'http://musicdata.baidu.com/data2/pic/6915d2f83130b04505f53c9e46bd1641/261801509/261801509.jpg@s_0,w_300', 'F:\\\\songDir\\Baila.mp3'), ('8885642', '爱的原罪', 'http://musicdata.baidu.com/data2/pic/246586247/246586247.jpg@s_0,w_300', 'F:\\\\songDir\\爱的原罪.mp3'), ('9057683', '我不够好', 'http://musicdata.baidu.com/data2/pic/7d3ec9dd65f22e91e02386a794c5656a/269464081/269464081.jpg@s_0,w_300', 'F:\\\\songDir\\我不够好.mp3'), ('9069877', '被遗忘的', 'http://musicdata.baidu.com/data2/pic/246669483/246669483.jpg@s_0,w_300', 'F:\\\\songDir\\被遗忘的.mp3'), ('9072912', 'It Happens Every Time', 'http://musicdata.baidu.com/data2/music/A25FD6329C46AC9291AAF708B79AE8D2/252385470/252385470.jpg@s_0,w_300', 'F:\\\\songDir\\It Happens Every Time.mp3'), ('9073082', 'Skeletons', 'http://musicdata.baidu.com/data2/music/A25FD6329C46AC9291AAF708B79AE8D2/252385470/252385470.jpg@s_0,w_300', 'F:\\\\songDir\\Skeletons.mp3'), ('9074528', 'I Dreamed A Dream', 'http://musicdata.baidu.com/data2/music/ABAF9C6CBE026F8E619F871AE65550DC/252150632/252150632.jpg@s_0,w_300', 'F:\\\\songDir\\I Dreamed A Dream.mp3'), ('9129617', 'Te Voy A Perder', 'http://musicdata.baidu.com/data2/music/2FC1C630E5933FB91B7750E85A218261/252129243/252129243.jpg@s_0,w_300', 'F:\\\\songDir\\Te Voy A Perder.mp3'), ('9143474', 'Tell Me One More Time', 'http://musicdata.baidu.com/data2/music/A25FD6329C46AC9291AAF708B79AE8D2/252385470/252385470.jpg@s_0,w_300', 'F:\\\\songDir\\Tell Me One More Time.mp3'), ('9334697', '恋爱很远', 'http://musicdata.baidu.com/data2/pic/86380337/86380337.jpg@s_0,w_300', 'F:\\\\songDir\\恋爱很远.mp3'), ('9650314', 'Light On', 'http://musicdata.baidu.com/data2/music/43A2B6557E09E8374E7479E263108039/252136109/252136109.jpg@s_0,w_300', 'F:\\\\songDir\\Light On.mp3'), ('9672613', 'Break Of Dawn', 'http://musicdata.baidu.com/data2/pic/246937288/246937288.jpg@s_0,w_300', 'F:\\\\songDir\\Break Of Dawn.mp3'), ('9684134', 'Lost In The Sun', 'http://musicdata.baidu.com/data2/music/9AB877D260E38536DCE68098525B7F46/252135338/252135338.jpg@s_0,w_300', 'F:\\\\songDir\\Lost In The Sun.mp3'), ('9684721', 'Oh My Lady', 'http://musicdata.baidu.com/data2/music/303EA8FCEC613861E856EE894F20753F/252129401/252129401.jpg@s_0,w_300', 'F:\\\\songDir\\Oh My Lady.mp3'), ('12308850', 'What Makes You Beautiful', 'http://musicdata.baidu.com/data2/pic/89017643/89017643.jpg@s_0,w_300', 'F:\\\\songDir\\What Makes You Beautiful.mp3'), ('12348660', '别找我麻烦', 'http://musicdata.baidu.com/data2/pic/7e3a4b9a24066ff60bdbb0e4366ca5da/11389232/11389232.jpg@s_1,w_300,h_300', 'F:\\\\songDir\\别找我麻烦.mp3'), ('13024508', 'River Flows In You', 'http://musicdata.baidu.com/data2/music/B84A67AD3E0318D6CCD3C42879F65E37/252393436/252393436.jpg@s_0,w_300', 'F:\\\\songDir\\River Flows In You.mp3'), ('14387453', '燕衔泥', 'http://musicdata.baidu.com/data2/music/0ABFEDC85C2453773B549606ABEF6448/252053189/252053189.jpg@s_0,w_300', 'F:\\\\songDir\\燕衔泥.mp3'), ('14466286', 'Let Her Go', 'http://musicdata.baidu.com/data2/music/7184E2A3605C555ECFD5CF87DAE69D82/252362692/252362692.jpg@s_0,w_300', 'F:\\\\songDir\\Let Her Go.mp3'), ('14496972', '小宇', 'http://musicdata.baidu.com/data2/pic/246710007/246710007.jpg@s_0,w_300', 'F:\\\\songDir\\小宇.mp3'), ('14609179', '鸿雁', 'http://musicdata.baidu.com/data2/music/372E26B9B2D231E3509D084BDED370B6/252739071/252739071.jpg@s_0,w_300', 'F:\\\\songDir\\鸿雁.mp3'), ('17915696', '卡农D大调', 'http://musicdata.baidu.com/data2/music/1FBD613610B4C22B70E141A75F6518D3/252826181/252826181.jpg@s_0,w_300', 'F:\\\\songDir\\卡农D大调.mp3'), ('18268455', '梦中的婚礼', 'http://musicdata.baidu.com/data2/music/1FBD613610B4C22B70E141A75F6518D3/252826181/252826181.jpg@s_0,w_300', 'F:\\\\songDir\\梦中的婚礼.mp3'), ('23760798', '小螺号', 'http://musicdata.baidu.com/data2/pic/246668381/246668381.jpg@s_0,w_300', 'F:\\\\songDir\\小螺号.mp3'), ('31451542', 'Voyage', 'http://musicdata.baidu.com/data2/pic/1c22bd6b878666680877b767c252ac9c/540804793/540804793.jpg@s_0,w_300', 'F:\\\\songDir\\Voyage.mp3'), ('45473901', '没有人爱', 'http://musicdata.baidu.com/data2/pic/246679795/246679795.jpg@s_0,w_300', 'F:\\\\songDir\\没有人爱.mp3'), ('68084049', '一直在长大', 'http://musicdata.baidu.com/data2/music/FAD8E3FD76D71A3D347D40E2ADC049D0/252061466/252061466.jpg@s_0,w_300', 'F:\\\\songDir\\一直在长大.mp3'), ('105955445', 'Happy', 'http://musicdata.baidu.com/data2/pic/d68507a5f1597998a53f1941a5987dbb/261714802/261714802.jpg@s_0,w_300', 'F:\\\\songDir\\Happy.mp3'), ('120906176', '真的好想你', '', 'F:\\\\songDir\\真的好想你.mp3'), ('120986689', '橄榄树', '', 'F:\\\\songDir\\橄榄树.mp3'), ('120987116', '回家', 'http://musicdata.baidu.com/data2/pic/34aea18b1c3685f1b181dab9a43a5f94/266569642/266569642.jpg@s_0,w_300', 'F:\\\\songDir\\回家.mp3'), ('120998314', '绿袖子', '', 'F:\\\\songDir\\绿袖子.mp3'), ('120998450', '天鹅湖-柴可夫斯基', '', 'F:\\\\songDir\\天鹅湖-柴可夫斯基.mp3'), ('120998516', '小夜曲-舒伯特', '', 'F:\\\\songDir\\小夜曲-舒伯特.mp3'), ('120998527', '月光曲-德彪西', '', 'F:\\\\songDir\\月光曲-德彪西.mp3'), ('121001284', '小城故事', '', 'F:\\\\songDir\\小城故事.mp3');
COMMIT;

-- ----------------------------
-- Table structure for sys_speech
-- ----------------------------
DROP TABLE IF EXISTS `sys_speech`;
CREATE TABLE `sys_speech` (
`SPEECH_ID_`  int(8) NOT NULL AUTO_INCREMENT COMMENT '语音id' ,
`USER_ID_`  int(8) NOT NULL COMMENT '用户id' ,
`DATE_`  datetime NOT NULL COMMENT '录入时间' ,
`SILK_PATH_`  varchar(255) CHARACTER SET utf8 COLLATE utf8_general_ci NULL DEFAULT NULL COMMENT 'silk格式的录音文件路径' ,
`WEBN_PATH_`  varchar(255) CHARACTER SET utf8 COLLATE utf8_general_ci NULL DEFAULT NULL COMMENT 'webn格式的录音文件路径' ,
`WAV_PATH_`  varchar(255) CHARACTER SET utf8 COLLATE utf8_general_ci NULL DEFAULT NULL COMMENT 'wav格式的录音文件路径' ,
PRIMARY KEY (`SPEECH_ID_`)
)
ENGINE=InnoDB
DEFAULT CHARACTER SET=utf8 COLLATE=utf8_general_ci
COMMENT='录入语音表'
AUTO_INCREMENT=18

;

-- ----------------------------
-- Records of sys_speech
-- ----------------------------
BEGIN;
INSERT INTO `sys_speech` VALUES ('8', '1', '2017-09-22 04:42:20', '202.silk', '202.webn', '202.wav'), ('9', '1', '2017-09-22 04:44:52', '202.silk', '202.webn', '202.wav'), ('10', '1', '2017-09-22 04:45:31', '203.silk', '203.webn', '203.wav'), ('11', '1', '2017-09-22 04:50:54', '203.silk', '203.webn', '203.wav'), ('12', '1', '2017-09-22 04:51:18', '202.silk', '202.webn', '202.wav'), ('13', '1', '2017-09-22 07:02:18', '203.silk', '203.webn', '203.wav'), ('14', '1', '2017-09-22 07:08:43', '203.silk', '203.webn', '203.wav'), ('15', '1', '2017-09-22 07:11:03', '203.silk', '203.webn', '203.wav'), ('16', '1', '2017-09-22 08:18:27', '203.silk', '203.webn', '203.wav'), ('17', '1', '2017-09-22 08:23:02', '203.silk', '203.webn', '203.wav');
COMMIT;

-- ----------------------------
-- Table structure for sys_speech_record
-- ----------------------------
DROP TABLE IF EXISTS `sys_speech_record`;
CREATE TABLE `sys_speech_record` (
`RECORD_ID_`  int(8) NOT NULL AUTO_INCREMENT COMMENT '记录id' ,
`MUSIC_ID_`  int(8) NOT NULL COMMENT '音乐id' ,
`USER_ID_`  int(8) NOT NULL COMMENT '用户id' ,
`SPEECH_ID_`  int(8) NOT NULL COMMENT '用户录入语音id' ,
`DATE_`  datetime NOT NULL COMMENT '听歌的时间' ,
PRIMARY KEY (`RECORD_ID_`),
INDEX `ser_song_id` (`MUSIC_ID_`) USING BTREE ,
INDEX `ser_speech_id` (`SPEECH_ID_`) USING BTREE ,
INDEX `ser_user_id` (`USER_ID_`) USING BTREE 
)
ENGINE=InnoDB
DEFAULT CHARACTER SET=utf8 COLLATE=utf8_general_ci
COMMENT='语音识别记录表'
AUTO_INCREMENT=31

;

-- ----------------------------
-- Records of sys_speech_record
-- ----------------------------
BEGIN;
INSERT INTO `sys_speech_record` VALUES ('1', '826', '1', '15', '2017-09-22 07:11:05'), ('2', '827', '1', '15', '2017-09-22 07:11:05'), ('3', '829', '1', '15', '2017-09-22 07:11:05'), ('4', '833', '1', '15', '2017-09-22 07:11:05'), ('5', '834', '1', '15', '2017-09-22 07:11:05'), ('6', '837', '1', '15', '2017-09-22 07:11:05'), ('7', '927', '1', '15', '2017-09-22 07:11:05'), ('8', '931', '1', '15', '2017-09-22 07:11:05'), ('9', '937', '1', '15', '2017-09-22 07:11:05'), ('10', '938', '1', '15', '2017-09-22 07:11:05'), ('11', '831', '1', '16', '2017-09-22 08:18:39'), ('12', '836', '1', '16', '2017-09-22 08:18:39'), ('13', '838', '1', '16', '2017-09-22 08:18:39'), ('14', '840', '1', '16', '2017-09-22 08:18:39'), ('15', '841', '1', '16', '2017-09-22 08:18:39'), ('16', '926', '1', '16', '2017-09-22 08:18:39'), ('17', '928', '1', '16', '2017-09-22 08:18:39'), ('18', '935', '1', '16', '2017-09-22 08:18:39'), ('19', '937', '1', '16', '2017-09-22 08:18:39'), ('20', '939', '1', '16', '2017-09-22 08:18:39'), ('21', '824', '1', '17', '2017-09-22 08:23:14'), ('22', '825', '1', '17', '2017-09-22 08:23:14'), ('23', '826', '1', '17', '2017-09-22 08:23:14'), ('24', '831', '1', '17', '2017-09-22 08:23:14'), ('25', '834', '1', '17', '2017-09-22 08:23:14'), ('26', '922', '1', '17', '2017-09-22 08:23:14'), ('27', '925', '1', '17', '2017-09-22 08:23:14'), ('28', '929', '1', '17', '2017-09-22 08:23:14'), ('29', '935', '1', '17', '2017-09-22 08:23:14'), ('30', '937', '1', '17', '2017-09-22 08:23:14');
COMMIT;

-- ----------------------------
-- Table structure for sys_text_record
-- ----------------------------
DROP TABLE IF EXISTS `sys_text_record`;
CREATE TABLE `sys_text_record` (
`RECORD_ID_`  int(8) NOT NULL AUTO_INCREMENT COMMENT '记录id' ,
`USER_ID_`  int(8) NOT NULL COMMENT '用户id' ,
`MUSIC_ID_`  int(8) NOT NULL COMMENT '歌曲id' ,
`DATE_`  datetime NOT NULL COMMENT '听歌的时间' ,
PRIMARY KEY (`RECORD_ID_`),
INDEX `ser_song_id` (`MUSIC_ID_`) USING BTREE ,
INDEX `ser_user_id` (`USER_ID_`) USING BTREE 
)
ENGINE=InnoDB
DEFAULT CHARACTER SET=utf8 COLLATE=utf8_general_ci
COMMENT='文本选择记录表'
AUTO_INCREMENT=1

;

-- ----------------------------
-- Records of sys_text_record
-- ----------------------------
BEGIN;
COMMIT;

-- ----------------------------
-- Table structure for sys_user
-- ----------------------------
DROP TABLE IF EXISTS `sys_user`;
CREATE TABLE `sys_user` (
`USER_ID_`  int(8) NOT NULL AUTO_INCREMENT COMMENT '唯一id' ,
`FULLNAME_`  varchar(255) CHARACTER SET utf8 COLLATE utf8_general_ci NULL DEFAULT NULL COMMENT '姓名' ,
`ACCOUNT_`  varchar(255) CHARACTER SET utf8 COLLATE utf8_general_ci NOT NULL COMMENT '账号' ,
`PASSWORD_`  varchar(64) CHARACTER SET utf8 COLLATE utf8_general_ci NULL DEFAULT NULL COMMENT '密码' ,
`EMAIL_`  varchar(64) CHARACTER SET utf8 COLLATE utf8_general_ci NULL DEFAULT NULL COMMENT '邮箱' ,
`MOBILE_`  varchar(32) CHARACTER SET utf8 COLLATE utf8_general_ci NULL DEFAULT NULL COMMENT '手机号码' ,
`WEIXIN_`  varchar(64) CHARACTER SET utf8 COLLATE utf8_general_ci NULL DEFAULT NULL COMMENT '微信号' ,
`CREATE_TIME_`  datetime NULL DEFAULT NULL COMMENT '创建时间' ,
`PHOTO_`  varchar(255) CHARACTER SET utf8 COLLATE utf8_general_ci NULL DEFAULT NULL COMMENT '头像' ,
`SEX_`  varchar(10) CHARACTER SET utf8 COLLATE utf8_general_ci NULL DEFAULT NULL COMMENT '性别：男，女，未知' ,
`AGE_`  int(3) NULL DEFAULT NULL COMMENT '年龄' ,
`LIMIT_`  int(3) NULL DEFAULT 1 COMMENT '0:下线，1在线' ,
`USER_TYPE_`  int(3) NULL DEFAULT NULL COMMENT '用户类型  0系统用户 1普通用户  ' ,
PRIMARY KEY (`USER_ID_`)
)
ENGINE=InnoDB
DEFAULT CHARACTER SET=utf8 COLLATE=utf8_general_ci
COMMENT='用户表'
AUTO_INCREMENT=45

;

-- ----------------------------
-- Records of sys_user
-- ----------------------------
BEGIN;
INSERT INTO `sys_user` VALUES ('1', '王子', 'wangzi', '1', '812837369@qq.com', '13192660368', null, '2017-09-05 14:41:46', '', '男', '30', '1', '0'), ('2', 'test', 'test', '2', null, null, null, null, null, null, null, '1', null);
COMMIT;

-- ----------------------------
-- Table structure for sys_user_status
-- ----------------------------
DROP TABLE IF EXISTS `sys_user_status`;
CREATE TABLE `sys_user_status` (
`RECORD_ID_`  int(8) NOT NULL AUTO_INCREMENT COMMENT '记录id' ,
`USER_ID_`  int(8) NOT NULL COMMENT '用户id' ,
`DATE_`  datetime NOT NULL COMMENT '录入时间' ,
`STATUS_`  int(2) NOT NULL COMMENT '0:下线 1:在线' ,
PRIMARY KEY (`RECORD_ID_`)
)
ENGINE=InnoDB
DEFAULT CHARACTER SET=utf8 COLLATE=utf8_general_ci
COMMENT='用户行为记录表'
AUTO_INCREMENT=1

;

-- ----------------------------
-- Records of sys_user_status
-- ----------------------------
BEGIN;
COMMIT;

-- ----------------------------
-- Auto increment value for spider_music
-- ----------------------------
ALTER TABLE `spider_music` AUTO_INCREMENT=964;

-- ----------------------------
-- Auto increment value for spider_music_collection
-- ----------------------------
ALTER TABLE `spider_music_collection` AUTO_INCREMENT=1;

-- ----------------------------
-- Auto increment value for sys_speech
-- ----------------------------
ALTER TABLE `sys_speech` AUTO_INCREMENT=18;

-- ----------------------------
-- Auto increment value for sys_speech_record
-- ----------------------------
ALTER TABLE `sys_speech_record` AUTO_INCREMENT=31;

-- ----------------------------
-- Auto increment value for sys_text_record
-- ----------------------------
ALTER TABLE `sys_text_record` AUTO_INCREMENT=1;

-- ----------------------------
-- Auto increment value for sys_user
-- ----------------------------
ALTER TABLE `sys_user` AUTO_INCREMENT=45;

-- ----------------------------
-- Auto increment value for sys_user_status
-- ----------------------------
ALTER TABLE `sys_user_status` AUTO_INCREMENT=1;
